{"cameraMode":{"drawMode":0,"name":"Shaded","section":"Shading Mode"},"sceneLighting":false,"audioPlay":false,"sceneViewState":{"showFog":true,"showMaterialUpdate":false,"showSkybox":false,"showFlares":true,"showImageEffects":true,"showParticleSystems":true},"in2DMode":false,"pivot":{"x":2.188408613204956,"y":9.854941368103028,"z":0.7733991146087647},"rotation":{"x":-0.053971678018569949,"y":-0.7221207618713379,"z":0.05663284286856651,"w":-0.687384307384491},"size":0.8660253882408142,"orthographic":false}