{"cameraMode":{"drawMode":0,"name":"Shaded","section":"Shading Mode"},"sceneLighting":true,"audioPlay":false,"sceneViewState":{"showFog":true,"showMaterialUpdate":false,"showSkybox":true,"showFlares":true,"showImageEffects":true,"showParticleSystems":true},"in2DMode":false,"pivot":{"x":115.12451934814453,"y":0.7399997711181641,"z":74.36784362792969},"rotation":{"x":0.007506375201046467,"y":-0.9523983597755432,"z":0.02311917580664158,"w":0.304079532623291},"size":7.570767402648926,"orthographic":false}